images/AtariPunkConsoleSTEM_solderingKit04,{Überprüfe deine Bauteile auf Vollständigkeit.;Manchmal versteckt sich ein kleines Teil in der Tüte. Schau hier genau nach.;Die Farben bzw. die Anzahl der Ringe auf den Widerständen kann sich unterscheiden. Wir setzten verschiedene Hersteller ein.;Tipp: Es handelt sich ausschließlich um THT (Durchsteck) Bauteile. Du steckst die Bauteile von der Oberseite durch die Platine und lötest sie von der anderen Seite fest. Du kannst die Beinchen beim Durchstecken auf der Rückseite leicht umbiegen{,}so halten die Teile und können einfacher gelötet werden.}
images/AtariPunkConsoleSTEM_solderingKit07,{Löte zunächst die Widerstände R1 \usePart{R1}, R2+R3 \usePart{R2|R3} und R4 \usePart{R4} auf. Die Farbskala zeigt dir die Widerstandswerte. Alternativ kannst du die Widerstandswerte auch mit einem Multimeter messen.;Schneide die überstehenden Drahtstücke auf der Rückseite ab.;Achtung: Beim schneiden fliegen die Beinchen gerne herum und könne ins Auge springen. Trage eine Schutzbrille!}
images/AtariPunkConsoleSTEM_solderingKit09,{Löte nun die Keramikkondensatoren C1 (103) und C2 (104) auf. Keramikkondensatoren haben keine Richtung. Du kannst sie wie Widerstände einfach durchstecken und von der Rückseite löten.;Schneide nach dem löten die überstehenden Drähte auf der Rückseite ab.}
images/AtariPunkConsoleSTEM_solderingKit24,{Nimm dir nun die zwei NE555 zur Hand.;Auf dem NE555 ist an einer Seite eine kleine Nase. Richte die Nase so aus, dass diese von dir weg zeigt.;Schneide nun das vierte Beinchen von Oben auf der rechten Seite ab (das Beinchen, das am nächsten bei dir ist).;Achtung: In den weiteren Bildern sind die Beinchen noch nicht abgeschnitten, das kannst du ignorieren.}
images/AtariPunkConsoleSTEM_solderingKit15,{Löte nun die LED D1 fest.;Achtung: LEDs haben eine Richtung. Das lange Beinchen ist die '+'-Seite. Ein Loch auf der Platine ist auch mit einem Plus markiert. Stecke das lange Beinchen durch das auf der Platine mit einem + markierten Loch.;Schneide nach dem löten die überstehenden Drähte auf der Rückseite ab.}
images/AtariPunkConsoleSTEM_solderingKit17,{Löte nun den Elektrolytkondensator C3 fest.;Achtung: Dieser hat eine Richtung. Das lange Beinchen ist die '+'-Seite. Ein Loch auf der Platine ist auch mit einem Plus markiert. Stecke das lange Beinchen durch das auf der Platine mit einem + markierten Loch.;Schneide nach dem löten die überstehenden Drähte auf der Rückseite ab.}
images/AtariPunkConsoleSTEM_solderingKit19,{Löte den Kopfhöreranschluss auf.;Der Kopfhöreranschluss (also das Loch zum einstecken) muss nach außen (von der Platine weg) zeigen. In der Platine sind mehrere Löcher. Der Kopfhöreranschluss passt dort perfekt rein.;Löte dann alle vier Beinchen fest.}
images/AtariPunkConsoleSTEM_solderingKit20,{Nimm nun die Poentiometer RV1 und RV2 und stecke diese in die Platine. Es kann sein{,} dass du einzelne Beinchen leicht biegen musst um diese in die Platine zu stecken.;Nachdem die Potentiometer sauber in der Platine stecken, löte jeweils 5 Anschlüsse von der Rückseite fest. Achte auch hier darauf{,} dass keine Lötbrücken entstehen.;Achtung: Wenn du hier die Überstehenden Beinchen abschneiden möchtest{,} musst du einen sehr guten Seitenschneider verwenden. Ansonsten machst du deinen Seitenschneider kaputt.}
images/AtariPunkConsoleSTEM_solderingKit22,{Nimm nun den Batteriehalter., Kürze das schwarze und rote Kabel auf etwa 4-5cm und entferne etwa 5mm Isolation von den Kabeln.;Verzinne anschließend die Enden mit Lötzinn.;Löte dann das schwarze Kabel an GND und das rote Kabel an +5V an.}
images/thumbnail,{Du bist fertig! Setze Batterien ein. Du kannst deinen Synthesizer jetzt an ein Abspielgerät hängen und coole Atari-Sounds generieren.;Probiere aus was du alles für Sounds aus dem einfachen NE555 bekommst.;Was technisch genau passiert kannst du auf wiki.blinkyparts.com genauer nachlesen.}
