images/AtariPunkConsoleSTEM_solderingKit04,{Check your components to make sure they're all there.;Sometimes small parts get hidden in the bag. Take a close look here.;The colors or the number of bands on the resistors may vary. We use components from various manufacturers.;Tip: These are exclusively THT (through-hole) components. Insert the components through the top of the circuit board and solder them in place from the other side. You can gently bend the legs on the back as you insert them{,}so the components stay in place and are easier to solder.}
images/AtariPunkConsoleSTEM_solderingKit07,{First, solder on the resistors R1 \usePart{R1}, R2+R3 \usePart{R2|R3}, and R4 \usePart{R4}. The color code shows you the resistance values. Alternatively, you can measure the resistance values with a multimeter.; Trim the excess wire on the back.;Caution: When cutting, the leads tend to fly around and can get into your eyes. Wear safety goggles!}
images/AtariPunkConsoleSTEM_solderingKit09,{Now solder on the ceramic capacitors C1 (103) and C2 (104). Ceramic capacitors are non-polar. You can simply insert them like resistors and solder them from the back.;After soldering, trim the excess wires on the back.}
images/AtariPunkConsoleSTEM_solderingKit24,{Now take the two NE555.;There is a small tab on one side of the NE555. Align the tab so that it points away from you.;Now cut off the fourth leg from the top on the right side (the leg closest to you).;Note: In the following images, the legs haven’t been cut off yet—you can ignore that.}
images/AtariPunkConsoleSTEM_solderingKit15, {Now solder the LED D1 in place.;Note: LEDs are directional. The long leg is the ‘+’ side. A hole on the circuit board is also marked with a plus sign. Insert the long leg through the hole on the circuit board marked with a +.; After soldering, trim the excess wires on the back.}
images/AtariPunkConsoleSTEM_solderingKit17,{Now solder the electrolytic capacitor C3 in place.;Note: This capacitor has a polarity. The long lead is the ‘+’ side. A hole on the circuit board is also marked with a plus sign. Insert the long leg through the hole on the circuit board marked with a +.;After soldering, trim off the excess wires on the back.}
images/AtariPunkConsoleSTEM_solderingKit19,{Solder on the headphone jack.;The headphone jack (i.e., the hole for plugging in) must face outward (away from the circuit board). There are several holes in the circuit board. The headphone jack fits perfectly into one of them.;Then solder all four legs securely in place.}
images/AtariPunkConsoleSTEM_solderingKit20,{Take the potentiometers RV1 and RV2 and insert them into the circuit board. You may{,} need to bend individual legs slightly to fit them into the circuit board.; Once the potentiometers are securely inserted into the circuit board, solder 5 connections from the back of each one. Make sure{,} that no solder bridges form.;Caution: If you want to cut off the protruding legs here{,} you must use a very good pair of side cutters. Otherwise, you’ll break your side cutters.}
images/AtariPunkConsoleSTEM_solderingKit22,{Take the battery holder. Cut the black and red wires to about 4–5 cm and strip about 5 mm of insulation from the wires.;Then tin the ends with solder.;Next, solder the black wire to GND and the red wire to +5V.}
images/thumbnail,{You’re done! Insert the batteries. You can now connect your synthesizer to a playback device and generate cool Atari sounds.;Experiment with all the different sounds you can get from the simple NE555.;You can read more about exactly what’s happening technically at wiki.blinkyparts.com.}
