images/PXL_20260714_112209516,Prüfe{,} ob alle Teile vollständig vorhanden sind.
images/PXL_20260714_113434185,Ziehe das Maßband vollständig aus dem Abroller und hänge es am Ende aus.;Lass die Feder in den Abroller zurückspringen.;Schneide die Metallplatte am Ende des Maßbands ab.;Schneide 4 Stücke mit folgenden Längen zu: \SI{1}x\SI{346}{\mm}{,} \SI{2}x\SI{145}{\mm}{,} \SI{1}x\SI{280}{\mm}.;Runde die Ecken der Stücke leicht ab.
images/PXL_20260714_113854436,Schleife bei den beiden kurzen Maßbandstücken den Lack an jeweiles einem Ende auf einer Länge von etwa \SI{1,5}{\cm} ab.
images/PXL_20260714_114051709,Nimm die Platine und die SMA-Buchse zur Hand.;Löte die SMA-Buchse auf die Platine.;Achte darauf{,} dass alle Lötstellen sauber und fest verlötet sind.
images/PXL_20260714_114617950,Verteile eine großzügige Menge Lötzinn auf den großen Lötpads der Platine.;Trage auch auf der nach außen gebogenen Seite der Maßbänder ausreichend Lötzinn auf{,} damit sich die Temperatur besser verteilt.;Löte die Maßbänder anschließend auf die Platine.;Achte darauf{,} dass die Maßbänder parallel zueinander ausgerichtet sind und die Kante des Maßbands an der Kante des Lötpads ist. Es sollte nicht darüber hinausstehen.
images/PXL_20260714_115854807,Nimm die zwei gleichfarbigen 3D-Druck-Teile und schiebe jeweils den \SI{280}{\mm} langen Abschnitt und den \SI{346}{\mm} Abschnitt in den Schlitz an der Seite.;Schieb solange{,} bis das Maßband zentriert ist und an beiden Enden gleich viel Maßband heraussteht.
images/PXL_20260714_120908684,Schneide den kurzen Schrumpfschlauch mit Kleber in etwa \SI{20}{\mm} lange Stücke.;Lege das gelötete Maßband in die Aussparung des übrigen (andersfarbigen) 3D-Druck-Teil.;Stecke nun den Schrumpfschlauch so über das Maßband{,} dass dieser über die äußeren Schenkel des 3D-Drucks geht.;Achtung: Der 3D-Druck hält nicht all zu viel Hitze aus. Sei mit einem Heißluftfön oder Feuerzeug hier vorsichtig.;Erhitze den Schrumpfschlauch so{,} dass dieser sich zusammen zieht und den 3D-Druck mit der Antenne verklebt.
images/PXL_20260714_121643429,Schneide den langen Schrumpfschlauch in \SI{6} Stücke.;Diese sollten so lang sein{,} dass sie von der Mitte der Antenne bis kurz über die Enden der Maßbänder reichen.;Schrumpfe jetzt die langen Schrumpfschläuche auf die Maßbänder.;Achte darauf{,} dass die Enden der Maßbänder nicht hervorstehen{,} da sie sehr scharf sein können.
images/PXL_20260714_122804866,Nimm nun das Isolationsrohr zur Hand und schiebe die 3D-Druck-Teile auf: Das kürzeste kommt an die Spitze bündig (Position \SI{0}{\mm}). Danach kommt das Antennenteil{,} welches gelötet wurde an Position \SI{110}{\mm}. Anschließend das längste an Position \SI{230}{\mm}.
images/PXL_20260714_122852934,Richte nun die einzelnen Antennen zueinander aus{,} dass diese in einer Ebene sind. Kontrolliere nochmal die Abstände und verklebe dann das Kunststoffrohr mit den 3D-Druckteilen.
images/PXL_20260714_123447078,Nimm zwei Kabelbinder und fixiere die Platine noch mit dem 3D-Druck. Das ist nicht unbedingt nötig{,} hilft aber alles besser zu fixieren.;Tipp: Im Bild siehst du auch wie du die Antennenschenkel einklappen kannst.
images/thumbnail,Du bist fertig! Versuche nun deinen ersten Fuchs zu finden!
