images/PXL_20260714_112209516,Check{,} to make sure all parts are present.
images/PXL_20260714_113434185,Pull the measuring tape all the way out of the dispenser and unhook it at the end.;Let the spring snap back into the dispenser.; Cut off the metal plate at the end of the measuring tape.;Cut 4 pieces to the following lengths: \SI{1}x\SI{346}{\mm}{,} \SI{2}x\SI{145}{\mm}{,} \SI{1}x\SI{280}{\mm}.;Slightly round off the corners of the pieces.
images/PXL_20260714_113854436,Sand off the paint on one end of each of the two short tape measure pieces over a length of about \SI{1.5}{\cm}.
images/PXL_20260714_114051709,Take the circuit board and the SMA jack.; Solder the SMA jack onto the circuit board.;Make sure{,} that all solder joints are clean and secure.
images/PXL_20260714_114617950,Apply a generous amount of solder to the large solder pads on the circuit board.; Also apply sufficient solder to the outwardly curved side of the measuring tapes so that the heat is distributed more evenly.;Then solder the measuring tapes to the circuit board.;Make sure the measuring tapes are aligned parallel to each other and that the edge of the measuring tape is flush with the edge of the solder pad. It should not extend beyond it.
images/PXL_20260714_115854807,Take the two 3D-printed parts of the same color and slide the \SI{280}{\mm} segment and the \SI{346}{\mm} segment into the slot on the side{,} respectively.; Slide them in until the tape measure is centered and the same amount of tape sticks out at both ends.
images/PXL_20260714_120908684,Cut the short piece of heat-shrink tubing with adhesive into pieces about \SI{20}{\mm} long.; Place the soldered tape measure into the cutout of the remaining (different-colored) 3D-printed part.;Now slide the heat-shrink tubing over the tape measure so that it covers the outer sides of the 3D-printed part.;Caution: The 3D-printed part cannot withstand too much heat. Be careful when using a heat gun or lighter here.;Heat the heat-shrink tubing so that it shrinks and bonds the 3D-printed part to the antenna.
images/PXL_20260714_121643429,Cut the long heat-shrink tubing into \SI{6} pieces.; These should be long enough to extend from the center of the antenna to just past the ends of the measuring tapes.;Now shrink the long pieces of heat-shrink tubing onto the measuring tapes.;Make sure the ends of the measuring tapes don’t stick out{,} as they can be very sharp.
images/PXL_20260714_122804866,Now take the insulation tube and slide the 3D-printed parts onto it: The shortest one goes flush with the tip (position \SI{0}{\mm}). Next comes the antenna part{,} which was soldered{,} at position \SI{110}{\mm}. Finally{,} place the longest part at position \SI{230}{\mm}.
images/PXL_20260714_122852934,Now align the individual antennas with each other so that they are in the same plane. Check the distances again{,} and then glue the plastic tube to the 3D-printed parts.
images/PXL_20260714_123447078,Take two cable ties and secure the circuit board to the 3D-printed part. This isn’t absolutely necessary{,} but it helps keep everything in place better.;Tip: In the picture{,} you can also see how to fold in the antenna arms.
images/thumbnail,You’re done! Now try to find your first fox!
