images/CodeWeekSkulpture_SolderingKit_28,{Dieser Bausatz ist anders als unsere üblichen Bausätze. Es gibt hier keinen Weg den du 1:1 nachbauen kannst. Sei kreativ!;Überprüfe deine Bauteile.;Die Batterien sind nicht enthalten. Du kannst sie online oder in größeren Elektronikgeschäften kaufen; Akkus eignen sich hervorragend und sind gut für die Umwelt.;Achtung: Trage immer eine Schutzbrille. Wenn du Drähte abschneidest können diese unkontrolliert herumfliegen.}
images/CodeWeekSkulpture_SolderingKit_30,{Die Platinen sind gespickt mit Metallpads die mit einem Plus-Symbol (+) und einem Minus-Symbol (-) gekennzeichnet sind.;Wenn du nicht erkennen kannst ob es Plus oder Minus ist, schau auf das Nachbarpad. Die Pads wechseln sich immer ab.;Du kannst mehrere Platinen verbinden, indem du jeweils mindestens ein Plus-Pad der ersten Platine auf das Plus-Pad der zweiten Platine lötest und ein Minus-Pad der ersten Platine auf ein Minus-Pad der zweiten Platine.;Es macht nichts wenn du mehrere gleiche Pads verbindest um mehr Stabilität zu bekommen.;Achtung: Löte nicht ein Plus-Pad auf ein Minus-Pad und umgekehrt. Das sorgt für einen Kurzschluss.;Achtung: Verbinde nicht zwei benachbarte Plus und Minus Pads mit Löztzinn oder einem Draht. Das führt zu einem Kurzschluss.}
images/CodeWeekSkulpture_SolderingKit_31,{Wir löten zunächst die batterieförmige Platine zusammen.;Löte die Sicherung auf die Platine auf. Die Sicherung hat keine Richtung, es ist also egal wie rum sie angelötet wird. Gib dazu zunächst etwas Lötzinn auf eine der beiden Pads.;Lege das Lötzinn weg und nimm dir mit einer Pinzette die Sicherung zur Hand.;Erhitze das Lötzinn auf dem Pad mit dem Lötkolben erneut und schiebe das Bauteil von der Seite in Position, sodass die zweite Seite auf dem zweiten Pad liegt.;Löte anschließend das zweite Pad fest.}
images/CodeWeekSkulpture_SolderingKit_36,{Löte nun den Schalter nach der gleichen Methode fest. Du musst die Lötfahnen des Schalters zunächst so nach unten biegen, dass dieser die Pads berühren kann.;Achtung: Lass dir hier beim Löten nicht zu lange Zeit, der Schalter verträgt nicht so viel Hitze vom Lötkolben.;Löte beide Seiten an.}
images/CodeWeekSkulpture_SolderingKit_40,{Nimm dir nun den Batteriehalter zur Hand.; Kürze die Drähte des Batteriehalters auf etwa 3cm.;Nimm etwa 5mm Isolation vom draht weg und verzinne die Enden der zwei Drähte am Batteriehalter.;Löte die Drähte auf die Platine auf. Plus ist rot und Minus ist schwarz.;Klebe den Batteriehalter mit Heißkleber auf die Platine auf.}
images/CodeWeekSkulpture_SolderingKit_43,{Tipp: Löte eine LED auf jede Platine auf, die du an deine Skulptur lötest. So kannst du immer überprüfen ob du einen Kurzschluss hast: Leuchten die LEDs, dannn ist alles fein. Leuchtet keine LED: Du hast versehentlich ein Plus und Minus-Pad verbunden. Schalte die Schaltung wieder aus und mach dich auf die Suche!;Tipp: Bei den LEDs ist das lange Beinchen Plus und das kurze Beinchen Minus.;Die LEDs mit klarer Kappe blinken. Die LEDs mit milchiger Kappe wechseln sehr langsam die Farbe.}
images/CodeWeekSkulpture_SolderingKit_47,{Wenn du zwei Platinen miteinander verbinden möchtest, such dir zunächst die passende Stelle aus und das Plus und Minus Pad, welches du verwenden möchtest.;Gib anschließend relativ viel Lötzinn auf die Plus und Minus Pads der ersten und auf die Plus und Minus Pads der zweiten Platine. Es darf ruhig ein kleiner Lötzinnhügel entstehen.;Leg den Lötzinn anschließend weg.;Nimm nun die Platine und halte Sie so an die andere Platine, dass sich jeweils Plus auf Plus und Minus auf Mins-Pad mit Lötzinn berühren.;Nimm den Lötkolben und erhitze beide pads gleichzeitg. Das Lötzinn sollte sich nach kurzer Zeit verflüssigen und verbinden.;Widerhole das beim zweiten Pad.}
images/CodeWeekSkulpture_SolderingKit_49,{Du kannst zwei Platinen auch mit steifem Draht verbinden.;Achte dann nur drauf, dass sich die Drähte nicht berühren, denn das erzeugt auch einen Kurzschluss.}
images/CodeWeekSkulpture_SolderingKit_52,{Nun sei kreativ: Löte so viele LEDs dran, wie du möchtest. Wechsle schnell leuchtende und langsam leuchtende LEDs ab. Baue einen Regenbogen.;Baue ein Strichmännchen oder doch lieber einen Roboter? Alles ist möglich!;Prüfe aber nach jedem neuen Bauteil ob deine Schaltung noch funktioniert. So kannst du Kurzschlüsse ganz schnell erkennen.}
images/CodeWeekSkulpture_SolderingKit_51,{Achtung Fehler: Kurzschluss;So sieht ein Kurzschluss zwischen zwei Pads aus.;Schalte die Schaltung auf jeden Fall sofort aus.;Mit dem Lötkolben kannst du die Verbindungsstelle erneut erhitzen und anschließend das Lötzinn entfernen.}
images/CodeWeekSkulpture_SolderingKit_53,{Wenn alles leuchtet, hast du alles richtig gemacht!;Schick uns gerne ein Bild von deiner Skulptur an workshop@blinkyparts.com! Wir freuen uns immer über Bilder und machen daraus eine Galerie!}
