images/CodeWeekSkulpture_SolderingKit_28,{This kit is different from our usual kits. There’s no single way to build it exactly as shown. Be creative!;Check your components.;Batteries are not included. You can buy them online or at larger electronics stores; Rechargeable batteries are ideal and are good for the environment.; Warning: Always wear safety goggles. When you cut wires, they can fly off in an uncontrolled manner.}
images/CodeWeekSkulpture_SolderingKit_30,{The circuit boards are covered with metal pads marked with a plus symbol (+) and a minus symbol (-).; If you can’t tell whether it’s positive or negative, look at the neighboring pad. The pads always alternate.;You can connect multiple circuit boards by soldering at least one positive pad from the first board to a positive pad on the second board and one negative pad from the first board to a negative pad on the second board.; It’s okay to connect multiple identical pads to achieve greater stability.;Warning: Do not solder a plus pad to a minus pad or vice versa. This will cause a short circuit.;Warning: Do not connect two adjacent plus and minus pads with solder or a wire. This will cause a short circuit.}
images/CodeWeekSkulpture_SolderingKit_31, {First, we’ll solder the battery-shaped circuit board together.;Solder the fuse onto the circuit board—the fuse is non-polarized, so it does not matter which way you solder it on. To do this, first apply a small amount of solder to one of the two pads.;Set the solder aside and use tweezers to pick up the fuse.; Heat the solder on the pad again with the soldering iron and slide the component into position from the side so that the other side rests on the second pad.;Then solder the second pad in place.}
images/CodeWeekSkulpture_SolderingKit_36,{Now solder the switch in place using the same method. You’ll first need to bend the switch’s leads downward so that it can touch the pads.;Caution: Don’t take too long here—the switch can’t withstand too much heat from the soldering iron.;Solder both sides in place.}
images/CodeWeekSkulpture_SolderingKit_40,{Now take the battery holder.; Trim the wires of the battery holder to about 3 cm.;Strip about 5 mm of insulation from the wire and tin the ends of the two wires on the battery holder.;Solder the wires to the circuit board. Positive is red and negative is black.;Glue the battery holder to the circuit board with hot glue.}
images/CodeWeekSkulpture_SolderingKit_43,{Tip: Solder an LED onto each circuit board that you solder to your sculpture. This way, you can always check for a short circuit: If the LEDs light up, everything is fine. If no LED lights up, you’ve accidentally connected a positive and negative pad. Turn the circuit off again and start looking for the problem!;Tip: For the LEDs, the long leg is positive and the short leg is negative.;The LEDs with clear caps blink. The LEDs with milky caps change color very slowly.}
images/CodeWeekSkulpture_SolderingKit_47,{If you want to connect two circuit boards together, first choose the right spot and the positive and negative pads you want to use.; Then apply a relatively generous amount of solder to the positive and negative pads on the first circuit board and to the positive and negative pads on the second circuit board. It’s okay if a small mound of solder forms.;Set the solder aside.; Now take the circuit board and hold it against the other circuit board so that the positive pads on each board touch the positive pads on the other, and the negative pads touch the negative pads, with solder in between.;Take the soldering iron and heat both pads at the same time. The solder should melt and bond them together after a short time.;Repeat this for the second pad.}
images/CodeWeekSkulpture_SolderingKit_49, {You can also connect two circuit boards using stiff wire.; Just make sure the wires don’t touch each other, because that will also cause a short circuit.}
images/CodeWeekSkulpture_SolderingKit_52,{Now get creative: Solder on as many LEDs as you want. Alternate between fast-blinking and slow-blinking LEDs. Build a rainbow.; Build a stick figure—or maybe a robot instead? Anything is possible!;But check after adding each new component to make sure your circuit is still working. That way, you can spot short circuits right away.}
images/CodeWeekSkulpture_SolderingKit_51,{Warning: Short circuit;This is what a short circuit between two pads looks like.;Be sure to turn off the circuit immediately.; Use the soldering iron to reheat the connection point and then remove the solder.}
images/CodeWeekSkulpture_SolderingKit_53,{If everything lights up, you’ve done everything right!;Feel free to send us a picture of your sculpture to workshop@blinkyparts.com! We’re always happy to receive pictures and will create a gallery with them!}
